<?xml version="1.0" encoding="UTF-8"?><beans xmlns="http://www.springframework.org/schema/beans"	xmlns:amq="http://activemq.apache.org/schema/core" xmlns:context="http://www.springframework.org/schema/context"	xmlns:xsi="http://www.w3.org/2001/XMLSchema-instance" xmlns:tx="http://www.springframework.org/schema/tx"	xsi:schemaLocation="http://www.springframework.org/schema/beanshttp://www.springframework.org/schema/beans/spring-beans.xsdhttp://activemq.apache.org/schema/corehttp://activemq.apache.org/schema/core/activemq-core-5.5.0.xsdhttp://www.springframework.org/schema/contexthttp://www.springframework.org/schema/context/spring-context.xsdhttp://www.springframework.org/schema/jmshttp://www.springframework.org/schema/jms/spring-jms.xsdhttp://www.springframework.org/schema/txhttp://www.springframework.org/schema/tx/spring-tx.xsd">	<!-- Activemq connection factory -->	<bean id="amqConnectionFactory" class="org.apache.activemq.ActiveMQConnectionFactory">		<constructor-arg index="0" value="tcp://localhost:61616" />	</bean>	<!-- ConnectionFactory Definition -->	<bean id="connectionFactory"		class="org.springframework.jms.connection.CachingConnectionFactory">		<constructor-arg ref="amqConnectionFactory" />	</bean>	<bean id="messageListenerContainer"		class="org.springframework.jms.listener.DefaultMessageListenerContainer">		<property name="connectionFactory" ref="connectionFactory" />		<property name="destinationName" value="ANOOP_ACTIVEMQ_RECEIVE_REQUEST" />		<property name="messageListener" ref="messageListener" />		<property name="concurrentConsumers" value="2" />	</bean>	<bean id="messageListener" class="anoop_activemq.DefaultMessageListener">		<constructor-arg ref="jmsTemplate" />		<constructor-arg ref="messageConverter" />	</bean>	<bean id="messageConverter" class="org.springframework.jms.support.converter.SimpleMessageConverter" />	<!-- JmsTemplate Definition -->	<bean id="jmsTemplate" class="org.springframework.jms.core.JmsTemplate">		<property name="connectionFactory" ref="connectionFactory" />		<property name="defaultDestinationName" value="ANOOP_ACTIVEMQ_SEND_RESPONSE" />	</bean></beans>